{"total_samples": 1147, "num_classes": 8, "class_names": ["butterfly", "geometric", "kamal", "kambi", "naga", "padi", "pulli", "sikku"], "class_counts": {"0": 111, "1": 251, "2": 228, "3": 190, "4": 2, "5": 189, "6": 39, "7": 137}, "minority_classes": [4, 6], "class_weights": [1.2916666666666667, 0.5712151394422311, 0.6288377192982456, 0.7546052631578948, 71.6875, 0.7585978835978836, 3.676282051282051, 1.0465328467153285]}